time-ms,jvm:gc-count,jvm:gc-time-ms,jvm:heap-bytes,jvm:non-heap-bytes,jvm:direct-bytes,kafka-consumer:bytes-consumed-total,kafka-consumer:fetch-rate,kafka-consumer:fetch-total,kafka-consumer:records-consumed-total,kafka-consumer:records-per-request-avg,broker:kafka.server:type=BrokerTopicMetrics-name=BytesOutPerSec,broker:kafka.server:type=BrokerTopicMetrics-name=TotalFetchRequestsPerSec
0.0,0.0,0.0,2.86743336E8,3.18898592E8,3400285.0,0.0,0.0,0.0,0.0,NaN,0.0,0.0
100.0,7.0,528.0,2.89269872E8,3.19162536E8,3400335.0,0.0,0.0,0.0,0.0,NaN,0.0,0.0
200.0,7.0,528.0,2.9024872E8,3.19187232E8,3400619.0,0.0,0.0,0.0,0.0,NaN,0.0,0.0
300.0,7.0,528.0,2.9142364E8,3.19150304E8,3404317.0,0.0,0.0,0.0,0.0,NaN,0.0,0.0
400.0,7.0,528.0,2.92300096E8,3.19197504E8,3404372.0,0.0,0.0,0.0,0.0,NaN,0.0,0.0
500.0,7.0,528.0,2.92326432E8,3.1931056E8,3404422.0,0.0,0.0,0.0,0.0,NaN,0.0,0.0
600.0,7.0,528.0,2.92622248E8,3.1934696E8,3404706.0,0.0,0.0,0.0,0.0,NaN,0.0,0.0
700.0,7.0,528.0,2.92637904E8,3.19406888E8,3404801.0,0.0,0.0,0.0,0.0,NaN,0.0,0.0
800.0,7.0,528.0,2.93860256E8,3.19574664E8,3404836.0,0.0,0.0,0.0,0.0,NaN,0.0,0.0
900.0,7.0,528.0,2.94036912E8,3.19639992E8,3404886.0,0.0,0.0,0.0,0.0,NaN,0.0,0.0
1000.0,7.0,528.0,2.94053936E8,3.19664848E8,3405339.0,0.0,0.0,0.0,0.0,NaN,0.0,0.0
1100.0,7.0,528.0,2.941174E8,3.19696816E8,3405581.0,0.0,0.0,0.0,0.0,NaN,0.0,0.0
1200.0,7.0,528.0,2.94367872E8,3.19740152E8,3405881.0,0.0,0.0,0.0,0.0,NaN,0.0,0.0
1300.0,7.0,528.0,2.95817512E8,3.19884E8,3407526.0,0.0,0.0,0.0,0.0,NaN,0.0,0.0
1400.0,7.0,528.0,2.9792164E8,3.20247176E8,3412107.0,0.0,0.0,0.0,0.0,NaN,0.0,1.0
1500.0,7.0,528.0,2.95920784E8,3.20287152E8,5.5845167E7,0.0,0.0,0.0,0.0,NaN,5.24288E7,100.0
1600.0,7.0,528.0,2.97110872E8,3.20474296E8,1.08216681E8,0.0,0.0,0.0,0.0,NaN,5.24288E7,100.0
1700.0,7.0,528.0,2.97938472E8,3.20520976E8,1.59671251E8,0.0,0.0,0.0,0.0,NaN,5.24288E7,100.0
1800.0,7.0,528.0,2.98338704E8,3.20540456E8,2.10274093E8,0.0,0.0,0.0,0.0,NaN,5.24288E7,100.0
1900.0,7.0,528.0,3.00330464E8,3.20637776E8,2.57929595E8,0.0,0.0,0.0,0.0,NaN,5.24288E7,100.0
2000.0,7.0,528.0,3.02131056E8,3.20769456E8,2.57929595E8,0.0,0.0,0.0,0.0,NaN,5.24288E7,100.0
2100.0,7.0,528.0,3.0653068E8,3.210148E8,3.02831051E8,0.0,0.0,0.0,0.0,NaN,5.24288E7,100.0
2200.0,7.0,528.0,3.10699376E8,3.2109972E8,3.40007497E8,0.0,0.0,0.0,0.0,NaN,5.24288E7,100.0
2300.0,7.0,531.0,2.94284408E8,3.21176992E8,3.70961823E8,0.0,0.0,0.0,0.0,NaN,5.24288E7,100.0
2400.0,7.0,531.0,2.95071416E8,3.20746168E8,3.70961823E8,0.0,0.0,0.0,0.0,NaN,5.24288E7,100.0
2500.0,7.0,531.0,3.0506216E8,3.19295576E8,3.70961823E8,0.0,0.0,0.0,0.0,NaN,5.24288E7,100.0
2600.0,7.0,531.0,3.38714392E8,3.19913296E8,3.72994618E8,0.0,0.03068331748028597,1.0,0.0,NaN,5.4525952E7,102.0
2700.0,7.0,531.0,3.64347792E8,3.201194E8,3.91925142E8,1.9605261E7,0.0611415120295925,2.0,3914.0,1957.0,1.06954752E8,202.0
2800.0,7.0,614.0,3.49322344E8,3.20174208E8,3.89807058E8,1.9605261E7,0.0608272506082725,2.0,3914.0,1957.0,1.06954752E8,202.0
2900.0,7.0,614.0,3.48550784E8,3.2020284E8,3.89807058E8,1.9605261E7,0.060805058980907205,2.0,3914.0,1957.0,1.06954752E8,202.0
3000.0,8.0,614.0,2.98969672E8,3.20278208E8,4.41652052E8,1.9605261E7,0.06060789720900633,2.0,3914.0,1957.0,1.06954752E8,202.0
3100.0,8.0,614.0,3.06072152E8,3.20380176E8,4.41652052E8,1.9605261E7,0.06038829674809022,2.0,3914.0,1957.0,1.06954752E8,202.0
3200.0,8.0,614.0,3.11844384E8,3.20417184E8,4.41652052E8,1.9605261E7,0.06016847172081829,2.0,3914.0,1957.0,1.06954752E8,202.0
3300.0,8.0,614.0,3.16454848E8,3.20428128E8,4.69656782E8,1.9605261E7,0.06007990627534621,2.0,3914.0,1957.0,1.06954752E8,202.0
3400.0,8.0,614.0,3.25937872E8,3.20452576E8,4.69656782E8,1.9605261E7,0.05989817310572027,2.0,3914.0,1957.0,1.06954752E8,202.0
3500.0,8.0,614.0,3.59281528E8,3.20468008E8,4.69892018E8,1.9605261E7,0.08953887479480674,3.0,3914.0,1957.0,1.09051904E8,204.0
3600.0,8.0,614.0,3.6458424E8,3.20566992E8,5.24196223E8,3.4201506E7,0.11905116223697135,4.0,6828.0,1707.0,1.61480704E8,304.0
3700.0,8.0,616.0,3.53558224E8,3.20587736E8,5.24196223E8,3.4201506E7,0.11872959335114278,4.0,6828.0,1707.0,1.61480704E8,304.0
3800.0,8.0,616.0,3.63581704E8,3.2068816E8,5.67053118E8,3.4201506E7,0.11837821840781297,4.0,6828.0,1707.0,1.61480704E8,304.0
3900.0,8.0,616.0,4.04761176E8,3.20791624E8,5.6705364E8,3.4201506E7,0.14753614635585718,5.0,6828.0,1707.0,1.63577856E8,306.0
4000.0,8.0,681.0,4.03937088E8,3.20920232E8,6.19369368E8,5.631126E7,0.17589118198874296,6.0,11242.0,1873.6666666666667,2.16006656E8,406.0
4100.0,8.0,681.0,4.017892E8,3.21024672E8,6.19369368E8,5.631126E7,0.17527971721538954,6.0,11242.0,1873.6666666666667,2.16006656E8,406.0
4200.0,9.0,681.0,2.6542152E8,3.2103796E8,6.19369368E8,5.631126E7,0.17498323077371752,6.0,11242.0,1873.6666666666667,2.16006656E8,406.0
4300.0,9.0,681.0,2.66897744E8,3.21118352E8,6.19369533E8,5.631126E7,0.17447439588240424,6.0,11242.0,1873.6666666666667,2.16006656E8,406.0
4400.0,9.0,681.0,2.76980992E8,3.2113716E8,6.19369533E8,5.631126E7,0.1739634676717889,6.0,11242.0,1873.6666666666667,2.16006656E8,406.0
4500.0,9.0,681.0,3.1212572E8,3.21181984E8,6.19566083E8,5.631126E7,0.20237062734894476,7.0,11242.0,1873.6666666666667,2.18103808E8,408.0
4600.0,9.0,684.0,3.18039328E8,3.213828E8,6.4104774E8,7.5916515E7,0.2302158273381295,8.0,15156.0,1894.5,2.70532608E8,508.0
4700.0,9.0,684.0,3.32504624E8,3.21384912E8,6.4104774E8,7.5916515E7,0.22995113538373096,8.0,15156.0,1894.5,2.70532608E8,508.0
4800.0,9.0,684.0,3.19565912E8,3.21410792E8,6.41048353E8,7.5916515E7,0.25793139025019346,9.0,15156.0,1894.5,2.7262976E8,510.0
4900.0,9.0,750.0,3.71700376E8,3.21433304E8,6.41050663E8,1.00530775E8,0.28520905823968973,10.0,20070.0,2007.0,3.2505856E8,610.0
5000.0,9.0,750.0,3.6981608E8,3.2148792E8,6.41050663E8,1.00530775E8,0.28498147620404674,10.0,20070.0,2007.0,3.2505856E8,610.0
5100.0,10.0,750.0,3.26226248E8,3.21548792E8,6.4105123E8,1.00530775E8,0.312579921002529,11.0,20070.0,2007.0,3.27155712E8,612.0
5200.0,10.0,750.0,3.15094432E8,3.21585592E8,6.91481525E8,1.35163029E8,0.34003003598651216,12.0,26984.0,2248.6666666666665,3.79584512E8,712.0
5300.0,10.0,753.0,3.14955568E8,3.21632216E8,6.91481525E8,1.35163029E8,0.3390788358293303,12.0,26984.0,2248.6666666666665,3.79584512E8,712.0
5400.0,10.0,753.0,3.26062584E8,3.21661672E8,6.91481525E8,1.35163029E8,0.3381138880279507,12.0,26984.0,2248.6666666666665,3.79584512E8,712.0
5500.0,10.0,753.0,3.66319664E8,3.21708512E8,6.91481525E8,1.35163029E8,0.36523009495982467,13.0,26984.0,2248.6666666666665,3.81681664E8,714.0
5600.0,10.0,817.0,3.69366544E8,3.21801864E8,6.92069307E8,1.62281757E8,0.3911816479923999,14.0,32398.0,2314.1428571428573,4.34110464E8,814.0
5700.0,11.0,817.0,2.75856E8,3.2180936E8,6.92069307E8,1.62281757E8,0.38997214484679665,14.0,32398.0,2314.1428571428573,4.34110464E8,814.0
5800.0,11.0,817.0,3.13020688E8,3.21890224E8,6.92069307E8,1.62281757E8,0.41671296810756747,15.0,32398.0,2314.1428571428573,4.36207616E8,816.0
5900.0,11.0,817.0,3.2221344E8,3.21984984E8,7.42748489E8,1.91904991E8,0.44333610418398445,16.0,38312.0,2394.5,4.88636416E8,916.0
6000.0,11.0,819.0,3.24770056E8,3.22006696E8,7.42748489E8,1.91904991E8,0.44211108040895275,16.0,38312.0,2394.5,4.88636416E8,916.0
6100.0,11.0,819.0,3.28833104E8,3.219336E8,7.42749102E8,1.91904991E8,0.46839698021711584,17.0,38312.0,2394.5,4.90733568E8,918.0
6200.0,11.0,819.0,3.83035064E8,3.21964488E8,7.93087698E8,2.21528217E8,0.49333991119881604,18.0,44226.0,2457.0,5.43162368E8,1018.0
6300.0,11.0,882.0,3.73914824E8,3.22066664E8,7.93087698E8,2.21528217E8,0.4932858317347218,18.0,44226.0,2457.0,5.43162368E8,1018.0
6400.0,12.0,882.0,3.09830008E8,3.22089984E8,7.93088311E8,2.21528217E8,0.5192533683146129,19.0,44226.0,2457.0,5.4525952E8,1020.0
6500.0,12.0,885.0,3.1949224E8,3.22132288E8,7.93088311E8,2.61164434E8,0.5449739774925748,20.0,52139.0,2606.95,5.9768832E8,1120.0
6600.0,12.0,885.0,3.83249936E8,3.22175464E8,7.93088878E8,2.61164434E8,0.5707762557077626,21.0,52139.0,2606.95,5.99785472E8,1122.0
6700.0,12.0,885.0,3.74305568E8,3.22259616E8,8.00616964E8,2.9329216E8,0.5963675792897805,22.0,58553.0,2661.5,6.52214272E8,1222.0
6800.0,12.0,885.0,3.77807776E8,3.22292912E8,8.00616964E8,2.9329216E8,0.5947553392808866,22.0,58553.0,2661.5,6.52214272E8,1222.0
6900.0,12.0,959.0,4.14155904E8,3.2230488E8,8.00616964E8,3.0080566E8,0.619045055714055,23.0,60053.0,2611.0,6.54311424E8,1224.0
7000.0,12.0,959.0,4.25658912E8,3.22310576E8,8.00619274E8,3.02884395E8,0.6448665932235269,24.0,60468.0,2519.5,7.06740224E8,1324.0
7100.0,12.0,959.0,4.28031064E8,3.2231636E8,8.00619274E8,3.02884395E8,0.6433109068003323,24.0,60468.0,2519.5,7.06740224E8,1324.0
7200.0,13.0,959.0,3.20007064E8,3.22311624E8,8.21468466E8,3.02884395E8,0.6413682522715125,24.0,60468.0,2519.5,7.06740224E8,1324.0
7300.0,13.0,959.0,3.27942512E8,3.22311624E8,8.21468466E8,3.02884395E8,0.6661870120180137,25.0,60468.0,2519.5,7.06740224E8,1324.0
7400.0,13.0,959.0,3.21460304E8,3.22286576E8,8.21468466E8,3.20415895E8,0.6650174234564945,25.0,63968.0,2558.72,7.08837376E8,1326.0
7500.0,13.0,962.0,3.6961804E8,3.22156336E8,8.22449262E8,3.22489621E8,0.689326051222228,26.0,64382.0,2476.230769230769,7.61266176E8,1426.0
7600.0,13.0,962.0,3.86920144E8,3.22162024E8,8.22449262E8,3.22489621E8,0.7140590288797207,27.0,64382.0,2476.230769230769,7.61266176E8,1426.0
7700.0,13.0,962.0,4.33760896E8,3.22226712E8,8.22451572E8,3.54617347E8,0.7369390709303856,28.0,70796.0,2528.4285714285716,8.15792128E8,1528.0
7800.0,14.0,1027.0,2.69587976E8,3.2225504E8,8.22513114E8,3.54617347E8,0.7351010763980047,28.0,70796.0,2528.4285714285716,8.15792128E8,1528.0
7900.0,14.0,1027.0,3.15388664E8,3.22258496E8,8.22513114E8,3.54617347E8,0.7593213238374529,29.0,70796.0,2528.4285714285716,8.1788928E8,1530.0
8000.0,14.0,1027.0,3.20808544E8,3.22259816E8,8.22513114E8,3.76717055E8,0.7833511763323499,30.0,75208.0,2506.9333333333334,8.7031808E8,1630.0
8100.0,14.0,1030.0,3.1688176E8,3.22263912E8,8.22513114E8,3.76717055E8,0.781473859699393,30.0,75208.0,2506.9333333333334,8.7031808E8,1630.0
8200.0,14.0,1030.0,3.32931344E8,3.22279E8,8.22513114E8,3.76717055E8,0.8053203096586481,31.0,75208.0,2506.9333333333334,8.72415232E8,1632.0
8300.0,14.0,1095.0,3.7192924E8,3.22320752E8,8.22379309E8,4.11359299E8,0.8530438154323381,33.0,82124.0,2566.375,9.24844032E8,1732.0
8400.0,14.0,1095.0,3.97446256E8,3.22318896E8,8.22379309E8,4.11359299E8,0.852845402387967,33.0,82124.0,2566.375,9.26941184E8,1734.0
8500.0,15.0,1095.0,3.30599728E8,3.22323584E8,8.22379309E8,4.43482016E8,0.8761080189651618,34.0,88537.0,2604.029411764706,9.79369984E8,1834.0
8600.0,15.0,1098.0,3.25320992E8,3.22278232E8,8.22379309E8,4.43482016E8,0.8998585936495693,35.0,88537.0,2604.029411764706,9.81467136E8,1836.0
8700.0,15.0,1098.0,3.86847432E8,3.22280408E8,8.22381619E8,4.78114242E8,0.9233136701718389,36.0,95451.0,2651.4166666666665,1.033895936E9,1936.0
8800.0,15.0,1098.0,3.91800376E8,3.2226508E8,8.22381619E8,4.78114242E8,0.9464610032486633,37.0,95451.0,2651.4166666666665,1.035993088E9,1938.0
8900.0,15.0,1162.0,4.28629896E8,3.22149656E8,8.22381619E8,5.1774545E8,0.9672164528609245,38.0,103363.0,2720.0789473684213,1.088421888E9,2038.0
9000.0,15.0,1162.0,4.45318392E8,3.2191612E8,8.22381619E8,5.1774545E8,0.9671918348647204,38.0,103363.0,2720.0789473684213,1.088421888E9,2038.0
9100.0,16.0,1162.0,3.2841612E8,3.219174E8,8.22381619E8,5.1774545E8,0.9900990099009901,39.0,103363.0,2720.0789473684213,1.09051904E9,2040.0
9200.0,16.0,1162.0,3.8518156E8,3.21963832E8,8.22381619E8,5.49863158E8,1.011659374288677,40.0,109775.0,2744.375,1.14294784E9,2140.0
9300.0,16.0,1166.0,3.81981016E8,3.21972344E8,8.22381619E8,5.49863158E8,1.0103816716764757,40.0,109775.0,2744.375,1.14294784E9,2140.0
9400.0,16.0,1166.0,4.27565096E8,3.21989808E8,8.22381619E8,5.84926158E8,1.0328756770374103,41.0,116775.0,2848.170731707317,1.145044992E9,2142.0
9500.0,16.0,1232.0,4.28502168E8,3.21991504E8,8.22381619E8,5.87004893E8,1.0541904068672974,42.0,117190.0,2790.2380952380954,1.197473792E9,2242.0
9600.0,17.0,1232.0,2.62761272E8,3.21996168E8,8.22381619E8,5.87004893E8,1.0528690682108748,42.0,117190.0,2790.2380952380954,1.197473792E9,2242.0
9700.0,17.0,1232.0,2.81355664E8,3.22006424E8,8.22381619E8,5.87004893E8,1.0752150430086018,43.0,117190.0,2790.2380952380954,1.199570944E9,2244.0
9800.0,17.0,1235.0,3.28237744E8,3.2204232E8,8.22381619E8,6.29155628E8,1.121439429810352,45.0,125605.0,2854.659090909091,1.251999744E9,2344.0
9900.0,17.0,1235.0,3.89504592E8,3.22059088E8,8.22381619E8,6.64218628E8,1.119514379540253,45.0,132605.0,2946.777777777778,1.254096896E9,2346.0
10000.0,17.0,1235.0,3.90634592E8,3.22061112E8,8.22381619E8,6.66297363E8,1.1663399260490857,47.0,133020.0,2891.7391304347825,1.306525696E9,2446.0
10100.0,17.0,1235.0,4.39866816E8,3.22059168E8,8.24214234E8,7.05938589E8,1.187472168621048,48.0,140934.0,2936.125,1.361051648E9,2548.0
10200.0,17.0,1235.0,4.44882424E8,3.22084944E8,8.37393433E8,7.05938589E8,1.1855071747882142,48.0,140934.0,2936.125,1.361051648E9,2548.0
10300.0,17.0,1235.0,4.66171E8,3.22086208E8,8.37393433E8,7.05938589E8,1.2071344107213244,49.0,140934.0,2936.125,1.362100224E9,2551.0
10400.0,17.0,1300.0,4.8055164E8,3.21819328E8,8.37395687E8,7.34524952E8,1.2248597535582177,50.0,146641.0,2932.82,1.414529024E9,2651.0
10500.0,17.0,1300.0,4.8000708E8,3.21952112E8,8.37395687E8,7.34524952E8,1.2248297486649355,50.0,146641.0,2932.82,1.414529024E9,2651.0
10600.0,18.0,1300.0,3.79054592E8,3.2195448E8,8.37395687E8,7.34524952E8,1.2465780211184982,51.0,146641.0,2932.82,1.414529024E9,2651.0
10700.0,18.0,1300.0,3.78526112E8,3.21970144E8,8.37395687E8,7.7416618E8,1.2685711497645824,52.0,154555.0,2972.2115384615386,1.416626176E9,2658.0
10800.0,18.0,1302.0,4.47476456E8,3.21970144E8,8.37397941E8,7.7416618E8,1.2897573796023654,53.0,154555.0,2972.2115384615386,1.469054976E9,2755.0
10900.0,18.0,1302.0,4.8026704E8,3.219802E8,8.37397941E8,8.11302908E8,1.3101390203071548,54.0,161969.0,2999.425925925926,1.523580928E9,2859.0
11000.0,18.0,1374.0,4.842248E8,3.219802E8,8.37397941E8,8.11302908E8,1.3063357282821684,54.0,161969.0,2999.425925925926,1.523580928E9,2859.0
11100.0,18.0,1374.0,4.8468972E8,3.219802E8,8.37397941E8,8.11302908E8,1.3049782503624938,54.0,161969.0,2999.425925925926,1.523580928E9,2859.0
11200.0,19.0,1374.0,2.75626712E8,3.2200116E8,8.37397941E8,8.53879408E8,1.325556733828208,55.0,170469.0,3099.4363636363637,1.52567808E9,2863.0
11300.0,19.0,1377.0,3.23275208E8,3.22011648E8,8.37397941E8,8.55953134E8,1.3696984260482998,57.0,170883.0,3051.4821428571427,1.57810688E9,2963.0
11400.0,19.0,1377.0,3.71198408E8,3.2201472E8,8.37397941E8,8.90580351E8,1.389620968901241,58.0,177796.0,3065.448275862069,1.632632832E9,3067.0
11500.0,19.0,1377.0,3.77941096E8,3.22013184E8,8.37397941E8,8.90580351E8,1.411415721735802,59.0,177796.0,3065.448275862069,1.632632832E9,3067.0
11600.0,19.0,1377.0,4.4253812E8,3.2202688E8,8.37397941E8,9.32721096E8,1.4310246136233544,60.0,186209.0,3103.483333333333,1.687158784E9,3171.0
11700.0,19.0,1377.0,4.29754112E8,3.22023232E8,8.37397941E8,9.32721096E8,1.4524847012881872,61.0,186209.0,3103.483333333333,1.689255936E9,3175.0
11800.0,19.0,1443.0,4.818088E8,3.2202748E8,8.37397941E8,9.67348365E8,1.4704487240299782,62.0,193122.0,3114.8709677419356,1.741684736E9,3275.0
11900.0,20.0,1443.0,3.76179528E8,3.2202868E8,8.37397941E8,9.67348365E8,1.469542545626926,62.0,193122.0,3114.8709677419356,1.741684736E9,3275.0
12000.0,20.0,1443.0,4.40649208E8,3.22063856E8,8.37397941E8,9.67348365E8,1.489467338109086,63.0,193122.0,3114.8709677419356,1.743781888E9,3279.0
12100.0,20.0,1443.0,4.4199068E8,3.22079136E8,8.53770175E8,1.006989657E9,1.5098256623180542,64.0,201036.0,3141.1875,1.796210688E9,3379.0
12200.0,20.0,1446.0,4.41948112E8,3.22079904E8,8.53770175E8,1.006989657E9,1.5062367615909624,64.0,201036.0,3141.1875,1.796210688E9,3379.0
12300.0,20.0,1446.0,4.32096648E8,3.22085176E8,8.53770175E8,1.044126412E9,1.5494776382204485,66.0,208450.0,3158.3333333333335,1.79830784E9,3483.0
12400.0,20.0,1518.0,4.9378392E8,3.22121024E8,8.53770175E8,1.044126412E9,1.544293134915064,66.0,208450.0,3158.3333333333335,1.85073664E9,3483.0
12500.0,21.0,1518.0,2.64739328E8,3.22139672E8,8.53770175E8,1.044126412E9,1.54238040709495,66.0,208450.0,3158.3333333333335,1.85073664E9,3483.0
12600.0,21.0,1518.0,3.27735016E8,3.22165992E8,8.53770175E8,1.079189416E9,1.5620992749061575,67.0,215450.0,3215.6716417910447,1.852833792E9,3487.0
12700.0,21.0,1520.0,3.34367136E8,3.22250912E8,8.53770175E8,1.081263142E9,1.6048750988510025,69.0,215864.0,3174.470588235294,1.905262592E9,3587.0
12800.0,21.0,1520.0,3.7961624E8,3.22255464E8,8.53770175E8,1.11589537E9,1.6233013311070914,70.0,222778.0,3182.542857142857,1.959788544E9,3691.0
12900.0,21.0,1520.0,4.29572496E8,3.22259432E8,8.53770175E8,1.11589537E9,1.6437848725487927,71.0,222778.0,3182.542857142857,1.961885696E9,3695.0
13000.0,21.0,1588.0,4.28696736E8,3.22259432E8,8.53770175E8,1.155531587E9,1.6601720122668266,72.0,230691.0,3204.0416666666665,2.014314496E9,3795.0
13100.0,22.0,1588.0,3.87462896E8,3.22260328E8,8.53770175E8,1.193099087E9,1.6785081970982503,73.0,238191.0,3262.890410958904,2.016411648E9,3799.0
13200.0,22.0,1591.0,3.92314008E8,3.22260328E8,8.53770175E8,1.195172814E9,1.7199862401100792,75.0,238605.0,3224.391891891892,2.068840448E9,3899.0
13300.0,22.0,1591.0,4.25681968E8,3.22261736E8,8.53770175E8,1.229800031E9,1.7380963271280245,76.0,245518.0,3230.5,2.1233664E9,4003.0
13400.0,22.0,1591.0,4.40685088E8,3.2224676E8,8.53770175E8,1.229800031E9,1.7582718699335511,77.0,245518.0,3230.5,2.1233664E9,4003.0
13500.0,22.0,1591.0,4.94457208E8,3.22296E8,8.58547345E8,1.271945757E9,1.7758754155093122,78.0,253932.0,3255.5384615384614,2.177892352E9,4107.0
13600.0,22.0,1591.0,5.46484776E8,3.22310328E8,8.58547345E8,1.271945757E9,1.7958626960672879,79.0,253932.0,3255.5384615384614,2.179989504E9,4111.0
13700.0,22.0,1591.0,5.37355064E8,3.22318704E8,8.58547345E8,1.311581974E9,1.8113480958203143,80.0,261845.0,3273.0625,2.232418304E9,4211.0
13800.0,22.0,1591.0,5.5899792E8,3.22320944E8,8.58547345E8,1.311581974E9,1.8108150931438012,80.0,261845.0,3273.0625,2.232418304E9,4211.0
13900.0,22.0,1591.0,5.99606704E8,3.22321712E8,8.58547345E8,1.311581974E9,1.82823609073468,81.0,261845.0,3273.0625,2.234515456E9,4215.0
14000.0,22.0,1658.0,5.91068368E8,3.22321712E8,8.58547345E8,1.333686691E9,1.8421170867592216,82.0,266258.0,3247.048780487805,2.286944256E9,4315.0
14100.0,23.0,1658.0,4.32177288E8,3.22321712E8,8.58547345E8,1.333686691E9,1.8606527977044478,83.0,266258.0,3247.048780487805,2.286944256E9,4315.0
14200.0,23.0,1658.0,4.88179288E8,3.22325936E8,8.58547345E8,1.373327917E9,1.8777243768861072,84.0,274172.0,3263.9523809523807,2.341470208E9,4419.0
14300.0,23.0,1660.0,5.05540752E8,3.22333744E8,8.58547345E8,1.373327917E9,1.8974484898542314,85.0,274172.0,3263.9523809523807,2.34356736E9,4423.0
14400.0,23.0,1660.0,5.49694864E8,3.22343704E8,8.58549599E8,1.412969143E9,1.9140885822390385,86.0,282086.0,3280.0697674418607,2.39599616E9,4523.0
14500.0,23.0,1660.0,5.77926088E8,3.22346136E8,8.58549599E8,1.412969143E9,1.9336770981507825,87.0,282086.0,3280.0697674418607,2.398093312E9,4527.0
14600.0,23.0,1660.0,5.95405512E8,3.22362648E8,8.58549599E8,1.452610369E9,1.9510032147212062,88.0,290000.0,3295.4545454545455,2.450522112E9,4627.0
14700.0,23.0,1660.0,6.3644632E8,3.223702E8,8.58549599E8,1.452610369E9,1.9694186895620809,89.0,290000.0,3295.4545454545455,2.452619264E9,4631.0
14800.0,23.0,1660.0,6.53594072E8,3.22371032E8,8.58549599E8,1.492251595E9,1.9854839065498908,90.0,297914.0,3310.1555555555556,2.505048064E9,4731.0
14900.0,23.0,1660.0,6.64552896E8,3.22376336E8,8.58549599E8,1.492251595E9,2.0026408450704225,91.0,297914.0,3310.1555555555556,2.505048064E9,4731.0
15000.0,23.0,1660.0,6.78180408E8,3.22376336E8,8.58549599E8,1.492251595E9,2.000307739652254,91.0,297914.0,3310.1555555555556,2.507145216E9,4736.0
15100.0,23.0,1723.0,7.03906576E8,3.22376336E8,8.58549599E8,1.521874821E9,2.013349381770434,92.0,303828.0,3302.478260869565,2.559574016E9,4836.0
15200.0,24.0,1723.0,4.417538E8,3.22389648E8,8.58549599E8,1.521874821E9,2.030745043235217,93.0,303828.0,3302.478260869565,2.559574016E9,4836.0
15300.0,24.0,1723.0,4.85537832E8,3.2239112E8,8.5855241E8,1.546484038E9,2.046592640975397,94.0,308741.0,3284.478723404255,2.614099968E9,4942.0
15400.0,24.0,1726.0,5.4165552E8,3.22396384E8,8.5855241E8,1.546484038E9,2.0656215346480833,95.0,308741.0,3284.478723404255,2.61619712E9,4948.0
15500.0,24.0,1726.0,5.43369288E8,3.22432152E8,8.82980568E8,1.583610748E9,2.0829265117490072,96.0,316153.0,3293.2604166666665,2.66862592E9,5048.0
15600.0,24.0,1726.0,5.45092256E8,3.22441216E8,8.82980568E8,1.583610748E9,2.0783719419787836,96.0,316153.0,3293.2604166666665,2.66862592E9,5048.0
15700.0,24.0,1726.0,5.77414976E8,3.22441216E8,8.82980568E8,1.583610748E9,2.095303927074783,97.0,316153.0,3293.2604166666665,2.670723072E9,5054.0
15800.0,24.0,1726.0,6.00154528E8,3.22464976E8,8.82980568E8,1.625751465E9,2.1322880096491414,99.0,324566.0,3311.8979591836733,2.723151872E9,5154.0
15900.0,24.0,1726.0,5.98450072E8,3.2247048E8,8.82980568E8,1.660814465E9,2.129444408595212,99.0,331566.0,3349.151515151515,2.725249024E9,5160.0
16000.0,24.0,1726.0,6.6380248E8,3.225042E8,8.82980568E8,1.662888191E9,2.1665451113303873,101.0,331980.0,3319.8,2.777677824E9,5260.0
16100.0,24.0,1726.0,6.54287352E8,3.22599368E8,8.82980568E8,1.700029928E9,2.179300914451756,102.0,339395.0,3327.401960784314,2.779774976E9,5366.0
16200.0,24.0,1793.0,7.14149056E8,3.22664328E8,8.82980568E8,1.700029928E9,2.1753039027511196,102.0,339395.0,3327.401960784314,2.832203776E9,5366.0
16300.0,25.0,1793.0,4.67462592E8,3.22718584E8,8.82980568E8,1.700029928E9,2.1918624446714334,103.0,339395.0,3327.401960784314,2.834300928E9,5372.0
16400.0,25.0,1795.0,4.87608344E8,3.22758008E8,8.82980568E8,1.734667165E9,2.2280694308874085,105.0,346310.0,3329.903846153846,2.886729728E9,5472.0
16500.0,25.0,1795.0,5.3528588E8,3.2278764E8,8.82980568E8,1.767225669E9,2.225047679593134,105.0,352810.0,3360.095238095238,2.88882688E9,5478.0
16600.0,25.0,1795.0,5.38410288E8,3.2278764E8,8.82980568E8,1.769304404E9,2.2404463983767333,106.0,353225.0,3332.311320754717,2.94125568E9,5578.0
16700.0,25.0,1795.0,5.47667784E8,3.2278764E8,8.82980568E8,1.769304404E9,2.2572887219948523,107.0,353225.0,3332.311320754717,2.94125568E9,5578.0
16800.0,25.0,1874.0,5.99946336E8,3.228036E8,8.82980568E8,1.786835904E9,2.251304494192897,107.0,356725.0,3333.878504672897,2.943352832E9,5584.0
16900.0,25.0,1874.0,5.8960084E8,3.228036E8,8.82980568E8,1.788914639E9,2.2667646132857593,108.0,357140.0,3306.8518518518517,2.995781632E9,5684.0
17000.0,26.0,1874.0,3.3739532E8,3.22806904E8,8.82980568E8,1.788914639E9,2.2646731950764325,108.0,357140.0,3306.8518518518517,2.995781632E9,5684.0
17100.0,26.0,1874.0,3.80470736E8,3.22798048E8,8.82980568E8,1.821473141E9,2.2807641606160156,109.0,363640.0,3336.146788990826,2.997878784E9,5690.0
17200.0,26.0,1874.0,3.78724128E8,3.22802592E8,8.82980568E8,1.823541858E9,2.317134268537074,111.0,364053.0,3309.572727272727,3.050307584E9,5790.0
17300.0,26.0,1874.0,4.3806972E8,3.22802592E8,8.82980568E8,1.865682575E9,2.332070128680298,112.0,372466.0,3325.589285714286,3.104833536E9,5896.0
17400.0,26.0,1877.0,4.42640888E8,3.22802592E8,8.82980568E8,1.865682575E9,2.328918092782433,112.0,372466.0,3325.589285714286,3.104833536E9,5896.0
17500.0,26.0,1877.0,4.76120272E8,3.22783008E8,8.82980568E8,1.865682575E9,2.344592912274878,113.0,372466.0,3325.589285714286,3.106930688E9,5902.0
17600.0,26.0,1943.0,4.3881656E8,3.22783008E8,8.82980568E8,1.882783301E9,2.360639443386068,114.0,375880.0,3297.1929824561403,3.106930688E9,5902.0
17700.0,27.0,1943.0,3.01906616E8,3.22783712E8,8.82980568E8,1.882783301E9,2.3763276439228003,115.0,375880.0,3297.1929824561403,3.16145664E9,6008.0
17800.0,27.0,1943.0,3.28829096E8,3.22785632E8,8.82980568E8,1.922419522E9,2.39130882928941,116.0,383793.0,3308.560344827586,3.21388544E9,6108.0
17900.0,27.0,1943.0,3.23351392E8,3.22787296E8,8.82980568E8,1.922419522E9,2.407704654895666,117.0,383793.0,3308.560344827586,3.215982592E9,6114.0
18000.0,27.0,1945.0,3.73432088E8,3.22787296E8,8.82980568E8,1.962060748E9,2.4233462715380036,118.0,391707.0,3319.5508474576272,3.268411392E9,6214.0
18100.0,27.0,1945.0,3.91850864E8,3.22788384E8,8.82980568E8,1.962060748E9,2.438874428709036,119.0,391707.0,3319.5508474576272,3.270508544E9,6220.0
18200.0,27.0,1945.0,4.26853672E8,3.2279284E8,8.82980568E8,1.996692974E9,2.4523327815584577,120.0,398621.0,3321.8416666666667,3.322937344E9,6320.0
18300.0,27.0,2027.0,4.27327656E8,3.2279284E8,8.82980568E8,1.996692974E9,2.446483180428135,120.0,398621.0,3321.8416666666667,3.322937344E9,6320.0
18400.0,27.0,2027.0,4.38506064E8,3.2279284E8,8.82980568E8,1.996692974E9,2.464057345334582,121.0,398621.0,3321.8416666666667,3.322937344E9,6320.0
18500.0,28.0,2027.0,3.18774568E8,3.22885384E8,8.82980568E8,2.028815691E9,2.478113383843513,122.0,405034.0,3319.9508196721313,3.377463296E9,6426.0
18600.0,28.0,2027.0,3.3116028E8,3.22902664E8,8.82980568E8,2.028815691E9,2.4751470886589573,122.0,405034.0,3319.9508196721313,3.377463296E9,6426.0
18700.0,28.0,2027.0,3.86847072E8,3.22909936E8,8.82980568E8,2.028815691E9,2.4900297588922404,123.0,405034.0,3319.9508196721313,3.379560448E9,6432.0
18800.0,28.0,2027.0,3.74031024E8,3.22932256E8,8.82980568E8,2.060938408E9,2.523570145155755,125.0,411447.0,3318.1209677419356,3.431989248E9,6532.0
18900.0,28.0,2027.0,4.30985912E8,3.22959568E8,8.82980568E8,2.060938408E9,2.520567833521536,125.0,411447.0,3318.1209677419356,3.4340864E9,6538.0
19000.0,28.0,2030.0,4.36763768E8,3.22981968E8,8.92556565E8,2.103079125E9,2.5342424425270016,126.0,419860.0,3332.222222222222,3.4865152E9,6638.0
19100.0,28.0,2030.0,4.51993832E8,3.2303036E8,8.92556565E8,2.103079125E9,2.5500983896229066,127.0,419860.0,3332.222222222222,3.4865152E9,6638.0
19200.0,28.0,2030.0,4.817118E8,3.23087392E8,8.92556565E8,2.137030128E9,2.5619983587198014,128.0,426638.0,3333.109375,3.54034467E9,6745.0
19300.0,29.0,2095.0,2.65498056E8,3.23087392E8,8.92556565E8,2.137030128E9,2.5574936562169075,128.0,426638.0,3333.109375,3.54034467E9,6745.0
19400.0,29.0,2095.0,2.70658512E8,3.23087392E8,8.92556565E8,2.137030128E9,2.5738741794529023,129.0,426638.0,3333.109375,3.54034467E9,6745.0
19500.0,29.0,2095.0,3.10067912E8,3.23087904E8,8.92556565E8,2.166653357E9,2.587682630677973,130.0,432552.0,3327.3230769230768,3.542441822E9,6853.0
19600.0,29.0,2095.0,3.25560152E8,3.23089064E8,8.92556565E8,2.166653357E9,2.5845444243424325,130.0,432552.0,3327.3230769230768,3.594870622E9,6853.0
19700.0,29.0,2095.0,3.66053944E8,3.23089832E8,8.92556565E8,2.166653357E9,2.599515815374846,131.0,432552.0,3327.3230769230768,3.596967774E9,6861.0
19800.0,29.0,2095.0,3.79435024E8,3.2309212E8,8.92556565E8,2.196276589E9,2.6143790849673203,132.0,438466.0,3321.712121212121,3.649396574E9,6961.0
19900.0,29.0,2095.0,3.80476E8,3.2309212E8,8.92556565E8,2.196276589E9,2.609262883235486,132.0,438466.0,3321.712121212121,3.649396574E9,6961.0
20000.0,29.0,2095.0,3.83625384E8,3.23101672E8,8.92556565E8,2.196276589E9,2.623688155922039,133.0,438466.0,3321.712121212121,3.651493726E9,6969.0
20100.0,29.0,2095.0,4.34070816E8,3.23101544E8,8.92556565E8,2.220885809E9,2.657323386414188,135.0,443379.0,3308.7985074626868,3.703922526E9,7069.0
20200.0,29.0,2095.0,4.97298424E8,3.23101544E8,8.92556565E8,2.263031541E9,2.670384260441006,136.0,451793.0,3322.0073529411766,3.758448478E9,7177.0
20300.0,29.0,2098.0,5.31160064E8,3.231278E8,8.92556565E8,2.263031541E9,2.6866959523062444,137.0,451793.0,3322.0073529411766,3.76054563E9,7185.0
20400.0,29.0,2098.0,5.5126092E8,3.23124728E8,8.92556565E8,2.297663768E9,2.700692786410427,138.0,458707.0,3323.963768115942,3.81297443E9,7285.0
20500.0,29.0,2164.0,5.36910368E8,3.231306E8,8.92556565E8,2.297663768E9,2.69547043772096,138.0,458707.0,3323.963768115942,3.81297443E9,7285.0
20600.0,30.0,2164.0,2.89037512E8,3.2313356E8,8.92556565E8,2.297663768E9,2.710027100271003,139.0,458707.0,3323.963768115942,3.815071582E9,7293.0
20700.0,30.0,2164.0,3.21506712E8,3.23137432E8,8.92556565E8,2.339819514E9,2.7232585734015444,140.0,467123.0,3336.592857142857,3.867500382E9,7393.0
20800.0,30.0,2164.0,3.57985056E8,3.23138304E8,8.92556565E8,2.339819514E9,2.738448989104469,141.0,467123.0,3336.592857142857,3.869597534E9,7401.0
20900.0,30.0,2164.0,3.88059888E8,3.23145856E8,8.92556565E8,2.376946229E9,2.771156715694824,143.0,474535.0,3341.7957746478874,3.922026334E9,7501.0
21000.0,30.0,2164.0,4.2769724E8,3.23148288E8,8.92556565E8,2.419091963E9,2.783684515754881,144.0,482949.0,3353.8125,3.976552286E9,7609.0
21100.0,30.0,2167.0,4.6751612E8,3.23148288E8,8.92556565E8,2.419091963E9,2.7996061243797423,145.0,482949.0,3353.8125,3.978649438E9,7617.0
21200.0,30.0,2167.0,4.8774372E8,3.23171392E8,8.92556565E8,2.451214688E9,2.8134273711797126,146.0,489362.0,3351.794520547945,4.031078238E9,7717.0
21300.0,30.0,2167.0,4.90512768E8,3.23171392E8,8.92556565E8,2.451214688E9,2.8082323523754567,146.0,489362.0,3351.794520547945,4.031078238E9,7717.0
21400.0,30.0,2270.0,5.23519752E8,3.23171968E8,8.92556565E8,2.461232691E9,2.8172253205312483,147.0,491362.0,3342.598639455782,4.03317539E9,7725.0
21500.0,31.0,2270.0,3.3724076E8,3.23176064E8,8.92556565E8,2.463311426E9,2.849384227032816,149.0,491777.0,3322.8175675675675,4.08560419E9,7825.0
21600.0,31.0,2270.0,3.90625576E8,3.2322668E8,8.92556565E8,2.505452151E9,2.8617762091004484,150.0,500190.0,3334.6,4.140130142E9,7933.0
21700.0,31.0,2270.0,3.78372528E8,3.23242616E8,8.92556565E8,2.505452151E9,2.876738426366927,151.0,500190.0,3334.6,4.142227294E9,7941.0
21800.0,31.0,2272.0,4.41173368E8,3.23244024E8,8.92556565E8,2.545093381E9,2.8902833238258223,152.0,508104.0,3342.7894736842104,4.194656094E9,8041.0
21900.0,31.0,2272.0,4.62505512E8,3.23260664E8,8.92556565E8,2.545093381E9,2.903721698202729,153.0,508104.0,3342.7894736842104,4.196753246E9,8049.0
22000.0,31.0,2272.0,4.85699224E8,3.23252536E8,8.92556565E8,2.574716607E9,2.9348834567246698,155.0,514018.0,3337.779220779221,4.249182046E9,8149.0
22100.0,31.0,2272.0,5.25311168E8,3.23260792E8,8.92556565E8,2.604334826E9,2.94506324334529,156.0,519931.0,3332.891025641026,4.251279198E9,8245.0
22200.0,31.0,2337.0,5.40172896E8,3.23273848E8,8.92556565E8,2.604334826E9,2.942230436996662,156.0,519931.0,3332.891025641026,4.303707998E9,8257.0
22300.0,32.0,2337.0,3.19783056E8,3.23273848E8,8.92556565E8,2.604334826E9,2.955405379967246,157.0,519931.0,3332.891025641026,4.303707998E9,8257.0
22400.0,32.0,2337.0,3.22983816E8,3.23273848E8,8.92556565E8,2.64440683E9,2.951349725543274,157.0,527931.0,3362.6178343949045,4.30580515E9,8266.0
22500.0,32.0,2337.0,4.1759804E8,3.23273848E8,8.92556565E8,2.646485565E9,2.983506276621695,159.0,528346.0,3343.9620253164558,4.360331102E9,8376.0
22600.0,32.0,2337.0,4.3817204E8,3.2323756E8,8.92556565E8,2.6886363E9,2.9951889777045624,160.0,536761.0,3354.75625,4.412759902E9,8476.0
22700.0,32.0,2339.0,4.94184304E8,3.23243E8,8.92556565E8,2.6886363E9,3.0095145522178814,161.0,536761.0,3354.75625,4.414857054E9,8486.0
22800.0,32.0,2339.0,4.83610792E8,3.23244408E8,8.92556565E8,2.720764026E9,3.0396837237058034,163.0,543175.0,3352.932098765432,4.467285854E9,8586.0
22900.0,32.0,2339.0,5.5481016E8,3.23244408E8,8.92556565E8,2.760405252E9,3.0540037243947857,164.0,551089.0,3360.298780487805,4.469383006E9,8596.0
23000.0,32.0,2411.0,5.3791908E8,3.23244408E8,8.92556565E8,2.760405252E9,3.0627587103001503,165.0,551089.0,3360.298780487805,4.521811806E9,8696.0
23100.0,33.0,2411.0,3.71416112E8,3.2324652E8,8.92556565E8,2.760405252E9,3.0617357258169267,165.0,551089.0,3360.298780487805,4.523908958E9,8706.0
23200.0,33.0,2411.0,3.81908008E8,3.23247992E8,8.92556565E8,2.800046478E9,3.074131002425971,166.0,559003.0,3367.487951807229,4.576337758E9,8806.0
23300.0,33.0,2411.0,3.77553408E8,3.2325028E8,8.92556565E8,2.800046478E9,3.08727561791729,167.0,559003.0,3367.487951807229,4.57843491E9,8816.0
23400.0,33.0,2414.0,4.36187576E8,3.2325028E8,8.92556565E8,2.844691695E9,3.117563504215167,169.0,567916.0,3380.4523809523807,4.63086371E9,8916.0
23500.0,33.0,2414.0,4.83184424E8,3.23245096E8,8.92556565E8,2.874324939E9,3.128680800942285,170.0,573832.0,3375.4823529411765,4.685389662E9,9026.0
23600.0,33.0,2414.0,5.19562656E8,3.23245096E8,8.92556565E8,2.874324939E9,3.143902483866816,171.0,573832.0,3375.4823529411765,4.687486814E9,9036.0
23700.0,33.0,2414.0,5.40402704E8,3.23247104E8,8.92556565E8,2.916470665E9,3.1553843331498808,172.0,582246.0,3385.1511627906975,4.739915614E9,9136.0
23800.0,33.0,2414.0,5.61336096E8,3.23248376E8,8.92556565E8,2.916470665E9,3.169020534520342,173.0,582246.0,3385.1511627906975,4.742012766E9,9146.0
23900.0,33.0,2478.0,5.9275772E8,3.23245944E8,8.92556565E8,2.953602382E9,3.1769216724484206,174.0,589659.0,3388.844827586207,4.794441566E9,9246.0
24000.0,33.0,2478.0,6.117322E8,3.23250944E8,8.92556565E8,2.953602382E9,3.17576200036503,174.0,589659.0,3388.844827586207,4.794441566E9,9246.0
24100.0,34.0,2478.0,4.00040904E8,3.23252512E8,8.92556565E8,2.953602382E9,3.188020330461079,175.0,589659.0,3388.844827586207,4.796538718E9,9256.0
24200.0,34.0,2478.0,4.34099808E8,3.23255136E8,8.92556565E8,2.988239617E9,3.2174213367749442,177.0,596574.0,3389.625,4.848967518E9,9356.0
24300.0,34.0,2478.0,4.38715944E8,3.23096224E8,8.92556565E8,3.030380334E9,3.230900477374621,178.0,604987.0,3398.803370786517,4.85106467E9,9366.0
24400.0,34.0,2481.0,5.24758824E8,3.23096224E8,8.92556565E8,3.030380334E9,3.242577396156006,179.0,604987.0,3398.803370786517,4.905590622E9,9476.0
24500.0,34.0,2481.0,5.4808388E8,3.23096224E8,8.92556565E8,3.060008569E9,3.25409021061195,180.0,610902.0,3393.9,4.958019422E9,9576.0
24600.0,34.0,2481.0,5.4729588E8,3.23096928E8,8.92556565E8,3.060008569E9,3.2676788647975306,181.0,610902.0,3393.9,4.960116574E9,9586.0
24700.0,34.0,2546.0,5.98922088E8,3.23096928E8,8.92556565E8,3.099659813E9,3.275678983459621,182.0,618818.0,3400.098901098901,5.012545374E9,9686.0
24800.0,34.0,2546.0,5.95699072E8,3.23112392E8,8.92556565E8,3.099659813E9,3.274618111157092,182.0,618818.0,3400.098901098901,5.012545374E9,9686.0
24900.0,35.0,2546.0,3.64329976E8,3.23112392E8,8.92556565E8,3.099659813E9,3.2859887594045714,183.0,618818.0,3400.098901098901,5.012857213E9,9696.0
25000.0,35.0,2546.0,3.89959184E8,3.23112392E8,8.92556565E8,3.134722813E9,3.315947016543887,185.0,625818.0,3401.1847826086955,5.081014653E9,9807.0
25100.0,35.0,2548.0,4.20228296E8,3.23114752E8,8.92556565E8,3.149749814E9,3.3257639422819034,186.0,628818.0,3399.0162162162164,5.081014653E9,9807.0
25200.0,35.0,2548.0,4.27967504E8,3.23119E8,8.92556565E8,3.179803814E9,3.3219031290184313,186.0,634818.0,3413.0,5.096743293E9,9831.0
25300.0,35.0,2612.0,4.5791516E8,3.23106504E8,8.92556565E8,3.192326316E9,3.33202665621325,187.0,637318.0,3408.1176470588234,5.149172093E9,9918.0
25400.0,36.0,2612.0,3.24234384E8,3.23128248E8,8.92556565E8,3.192326316E9,3.3447196128664958,188.0,637318.0,3408.1176470588234,5.149172093E9,9918.0
25500.0,36.0,2612.0,3.36626784E8,3.23160704E8,8.92556565E8,3.224884821E9,3.3568967354623283,189.0,643818.0,3424.563829787234,5.164900733E9,9942.0
25600.0,36.0,2612.0,3.93279176E8,3.23275128E8,8.92556565E8,3.237407321E9,3.3512420873450717,189.0,646318.0,3419.671957671958,5.217329533E9,10029.0
25700.0,36.0,2612.0,3.8975684E8,3.233032E8,8.92556565E8,3.237407321E9,3.3632485440674063,190.0,646318.0,3419.671957671958,5.233058173E9,10053.0
25800.0,36.0,2615.0,4.62894112E8,3.233048E8,8.92556565E8,3.290527769E9,3.3904889720814424,192.0,656923.0,3439.387434554974,5.285486973E9,10140.0
25900.0,36.0,2615.0,4.701812E8,3.2330608E8,8.92556565E8,3.32058177E9,3.3866017567996614,192.0,662923.0,3452.7239583333335,5.301215613E9,10164.0
26000.0,36.0,2615.0,5.22206376E8,3.23307744E8,8.92556565E8,3.33310427E9,3.3973490116002747,193.0,665423.0,3447.7875647668393,5.353644413E9,10251.0
26100.0,36.0,2615.0,5.76388096E8,3.23325152E8,8.92556565E8,3.33310427E9,3.410089646686588,194.0,665423.0,3447.7875647668393,5.369373053E9,10275.0
26200.0,36.0,2679.0,5.7842572E8,3.23438496E8,8.92556565E8,3.373176272E9,3.4196127946127945,195.0,673423.0,3453.451282051282,5.421801853E9,10362.0
26300.0,36.0,2679.0,5.72244608E8,3.23443872E8,8.92556565E8,3.373176272E9,3.4301114786230555,196.0,673423.0,3453.451282051282,5.421801853E9,10362.0
26400.0,37.0,2679.0,4.21085952E8,3.23467856E8,8.92556565E8,3.373176272E9,3.426932895058922,196.0,673423.0,3453.451282051282,5.437530493E9,10387.0
26500.0,37.0,2681.0,4.52240968E8,3.23493136E8,8.92556565E8,3.420761776E9,3.4362462933891504,197.0,682923.0,3466.6142131979695,5.489959293E9,10474.0
26600.0,37.0,2681.0,4.49430944E8,3.23493136E8,8.92556565E8,3.420761776E9,3.450138528289393,198.0,682923.0,3466.6142131979695,5.505687933E9,10499.0
26700.0,37.0,2681.0,5.18552296E8,3.23497552E8,8.92556565E8,3.445806776E9,3.4614715602713515,199.0,687923.0,3474.3585858585857,5.558116733E9,10586.0
26800.0,37.0,2681.0,5.440908E8,3.23497552E8,8.92556565E8,3.460833776E9,3.471257983893363,200.0,690923.0,3471.974874371859,5.558116733E9,10586.0
26900.0,37.0,2749.0,5.17506368E8,3.23501264E8,8.92556565E8,3.465842776E9,3.4661444342385748,200.0,691923.0,3459.615,5.573845373E9,10611.0
27000.0,37.0,2749.0,5.8104972E8,3.23502192E8,8.92556565E8,3.478365276E9,3.4757046515649317,201.0,694423.0,3454.8407960199006,5.626274173E9,10698.0
27100.0,38.0,2749.0,4.17856664E8,3.23502192E8,8.92556565E8,3.478365276E9,3.4892558557313618,202.0,694423.0,3454.8407960199006,5.642002813E9,10723.0
27200.0,38.0,2752.0,4.52830576E8,3.23490032E8,8.92556565E8,3.528946158E9,3.513848697809012,204.0,704521.0,3470.5467980295566,5.694431613E9,10810.0
27300.0,38.0,2752.0,4.90208072E8,3.23490032E8,8.92556565E8,3.528946158E9,3.511671142325966,204.0,704521.0,3470.5467980295566,5.708882923E9,10835.0
27400.0,38.0,2752.0,5.15709832E8,3.23490032E8,8.92556565E8,3.573295844E9,3.5361771521757785,206.0,713375.0,3479.878048780488,5.761311723E9,10923.0
27500.0,38.0,2752.0,5.6355928E8,3.2349368E8,8.92556565E8,3.573295844E9,3.533508293452718,206.0,713375.0,3479.878048780488,5.775991787E9,10949.0
27600.0,38.0,2817.0,5.77105504E8,3.2349368E8,8.92556565E8,3.615872344E9,3.542882571413901,207.0,721875.0,3487.31884057971,5.828420587E9,11037.0
27700.0,38.0,2817.0,5.74157736E8,3.2349368E8,8.92556565E8,3.615872344E9,3.5541581942142404,208.0,721875.0,3487.31884057971,5.828420587E9,11037.0
27800.0,39.0,2817.0,3.95543584E8,3.2349368E8,8.92556565E8,3.655944344E9,3.5499726925177497,208.0,729875.0,3509.014423076923,5.843100651E9,11063.0
27900.0,39.0,2820.0,4.59358272E8,3.2349368E8,8.92556565E8,3.670445399E9,3.5755026986532275,210.0,732770.0,3506.0765550239234,5.895529451E9,11151.0
28000.0,39.0,2820.0,4.49473088E8,3.2349528E8,8.92556565E8,3.670445399E9,3.5717930401061335,210.0,732770.0,3506.0765550239234,5.910209515E9,11177.0
28100.0,39.0,2885.0,4.97483296E8,3.2349528E8,8.92556565E8,3.713021899E9,3.5804585023162683,211.0,741270.0,3513.127962085308,5.962638315E9,11265.0
28200.0,39.0,2885.0,5.22798296E8,3.23500016E8,8.92556565E8,3.713021899E9,3.5769380732000884,211.0,741270.0,3513.127962085308,5.962638315E9,11265.0
28300.0,40.0,2885.0,3.49638728E8,3.23500016E8,8.92556565E8,3.713021899E9,3.587686788174172,212.0,741270.0,3513.127962085308,5.977318379E9,11291.0
28400.0,40.0,2885.0,3.79568408E8,3.23500016E8,8.92556565E8,3.760076445E9,3.611570526884261,214.0,750664.0,3524.244131455399,6.029747179E9,11379.0
28500.0,40.0,2885.0,4.15294704E8,3.23501872E8,8.92556565E8,3.760076445E9,3.6093167597105804,214.0,750664.0,3524.244131455399,6.044427243E9,11405.0
28600.0,40.0,2889.0,4.45660184E8,3.23501872E8,8.92556565E8,3.797138036E9,3.61764062526291,215.0,758063.0,3525.874418604651,6.096856043E9,11493.0
28700.0,40.0,2889.0,4.73881768E8,3.23501872E8,8.92556565E8,3.797138036E9,3.6303741302228647,216.0,758063.0,3525.874418604651,6.096856043E9,11493.0
28800.0,40.0,2889.0,4.53492136E8,3.23500848E8,8.92556565E8,3.819678536E9,3.6411228753125155,217.0,762563.0,3530.384259259259,6.111382793E9,11519.0
28900.0,40.0,2953.0,5.086172E8,3.23506224E8,8.92556565E8,3.829696536E9,3.634292987656802,217.0,764563.0,3523.3317972350233,6.163811593E9,11607.0
29000.0,41.0,2953.0,3.21898832E8,3.23572976E8,8.92556565E8,3.829696536E9,3.645545912138999,218.0,764563.0,3523.3317972350233,6.163811593E9,11607.0
29100.0,41.0,2953.0,3.63926672E8,3.23572976E8,8.92556565E8,3.864759536E9,3.656459745550473,219.0,771563.0,3539.2798165137615,6.230920457E9,11722.0
29200.0,41.0,2956.0,4.02045704E8,3.23572976E8,8.92556565E8,3.879280627E9,3.666727778796313,220.0,774462.0,3536.3561643835615,6.230920457E9,11722.0
29300.0,41.0,2956.0,4.32026704E8,3.23551408E8,8.92556565E8,3.911839127E9,7.341948772466031,221.0,780962.0,3549.827272727273,6.298029321E9,11837.0
29400.0,41.0,2956.0,4.66534576E8,3.23551408E8,8.92556565E8,3.926345191E9,7.3203047366677705,221.0,783858.0,3546.868778280543,6.298029321E9,11837.0
29500.0,41.0,2956.0,4.81669128E8,3.23542832E8,8.92556565E8,3.961408191E9,7.328667635019147,222.0,790858.0,3562.4234234234236,6.312709385E9,11865.0
29600.0,41.0,3022.0,5.06476944E8,3.23547792E8,8.92556565E8,3.971426191E9,7.335767623934998,223.0,792858.0,3555.4170403587445,6.365138185E9,11953.0
29700.0,42.0,3022.0,3.84492544E8,3.23547792E8,8.92556565E8,3.971426191E9,7.307162985778884,223.0,792858.0,3555.4170403587445,6.365138185E9,11953.0
29800.0,42.0,3022.0,4.05283624E8,3.23548584E8,8.92556565E8,3.971426191E9,7.322175732217573,224.0,792858.0,3555.4170403587445,6.379818249E9,11981.0
29900.0,42.0,3022.0,4.28835928E8,3.23548584E8,8.92556565E8,3.998975691E9,7.326365146038879,225.0,798358.0,3564.098214285714,6.432247049E9,12069.0
30000.0,42.0,3025.0,4.34735872E8,3.23548584E8,8.92556565E8,4.008993691E9,7.309941520467836,225.0,800358.0,3557.1466666666665,6.432247049E9,12069.0
30100.0,42.0,3025.0,4.51710008E8,3.23548584E8,8.92556565E8,4.008993691E9,7.284146459904821,225.0,800358.0,3557.1466666666665,6.432247049E9,12069.0
30200.0,42.0,3025.0,4.4494184E8,3.23556992E8,8.92556565E8,4.041552191E9,7.320691434468524,227.0,806858.0,3570.16814159292,6.444711893E9,12097.0
30300.0,42.0,3090.0,4.96879928E8,3.23556992E8,8.92556565E8,4.049065691E9,7.297627467369639,227.0,808358.0,3561.04845814978,6.497140693E9,12185.0
30400.0,42.0,3090.0,4.916022E8,3.23556992E8,8.92556565E8,4.049065691E9,7.271213043338992,227.0,808358.0,3561.04845814978,6.497140693E9,12185.0
30500.0,43.0,3090.0,2.88979928E8,3.23556992E8,8.92556565E8,4.049065691E9,7.281785953818147,228.0,808358.0,3561.04845814978,6.497140693E9,12185.0
30600.0,43.0,3090.0,3.5256936E8,3.23556992E8,8.92556565E8,4.079119691E9,7.28835136855506,229.0,814358.0,3571.745614035088,6.509225903E9,12213.0
30700.0,43.0,3090.0,3.67255328E8,3.2372168E8,8.92556565E8,4.089137691E9,7.269379721922418,229.0,816358.0,3564.882096069869,6.561654703E9,12301.0
30800.0,43.0,3090.0,3.87665536E8,3.23724048E8,8.92556565E8,4.089137691E9,7.280093691640554,230.0,816358.0,3564.882096069869,6.570229578E9,12329.0
30900.0,43.0,3093.0,4.07949416E8,3.23726736E8,8.92556565E8,4.125147392E9,7.308928233885704,232.0,823547.0,3565.1385281385283,6.622658378E9,12417.0
31000.0,43.0,3093.0,4.23046736E8,3.23726736E8,8.92556565E8,4.125147392E9,7.297892418999686,232.0,823547.0,3565.1385281385283,6.626908025E9,12445.0
31100.0,43.0,3093.0,4.76608992E8,3.23726736E8,8.92556565E8,4.154399952E9,7.295841683366733,233.0,829387.0,3559.6008583690987,6.679336825E9,12539.0
31200.0,43.0,3093.0,4.71166736E8,3.23726736E8,8.92556565E8,4.154399952E9,7.283753790365438,233.0,829387.0,3559.6008583690987,6.679336825E9,12539.0
31300.0,43.0,3163.0,4.99585824E8,3.23726736E8,8.92556565E8,4.164122421E9,7.321328431677986,235.0,831328.0,3537.5659574468086,6.681554822E9,12567.0
31400.0,44.0,3163.0,3.45127376E8,3.23726736E8,8.92556565E8,4.164122421E9,7.330330796707563,236.0,831328.0,3537.5659574468086,6.733983622E9,12667.0
31500.0,44.0,3163.0,3.82629424E8,3.23728336E8,8.92556565E8,4.201259147E9,7.332013364682589,237.0,838742.0,3538.9957805907175,6.788509574E9,12797.0
31600.0,44.0,3163.0,3.9034932E8,3.23732688E8,8.92556565E8,4.201259147E9,7.317073170731708,237.0,838742.0,3538.9957805907175,6.788509574E9,12797.0
31700.0,44.0,3163.0,3.97162744E8,3.2373508E8,8.92556565E8,4.201259147E9,7.325330871037242,238.0,838742.0,3538.9957805907175,6.790606726E9,12827.0
31800.0,44.0,3163.0,4.36601792E8,3.2373508E8,8.92556565E8,4.240905382E9,7.322528263733569,239.0,846657.0,3542.4979079497907,6.843035526E9,12927.0
31900.0,44.0,3163.0,4.51917288E8,3.23735848E8,8.92556565E8,4.240905382E9,7.311327969653401,239.0,846657.0,3542.4979079497907,6.843035526E9,12927.0
32000.0,44.0,3163.0,4.92668752E8,3.23751536E8,8.92556565E8,4.273033108E9,7.339281907604226,241.0,853071.0,3539.713692946058,6.897561478E9,13057.0
32100.0,44.0,3163.0,4.97911696E8,3.23751536E8,8.92556565E8,4.273033108E9,7.32545062159944,241.0,853071.0,3539.713692946058,6.897561478E9,13057.0
32200.0,44.0,3163.0,5.48536064E8,3.23751536E8,8.92556565E8,4.273033108E9,7.334889218925226,242.0,853071.0,3539.713692946058,6.89965863E9,13087.0
32300.0,44.0,3163.0,5.5656456E8,3.23899632E8,8.92556565E8,4.307665334E9,7.339837496601927,243.0,859985.0,3539.0329218106995,6.95208743E9,13187.0
32400.0,44.0,3165.0,5.503042E8,3.23899632E8,8.92556565E8,4.307665334E9,7.350504594065371,244.0,859985.0,3539.0329218106995,6.954184582E9,13217.0
32500.0,44.0,3165.0,5.97660056E8,3.23899632E8,8.92556565E8,4.34480206E9,7.35956743766897,245.0,867399.0,3540.4040816326533,7.006613382E9,13317.0
32600.0,44.0,3165.0,6.39583536E8,3.2390428E8,8.92556565E8,4.34480206E9,7.3972028390883775,247.0,867399.0,3540.4040816326533,7.007287333E9,13347.0
32700.0,44.0,3228.0,6.85574352E8,3.23910584E8,8.92556565E8,4.38487406E9,7.398347304674681,248.0,875399.0,3529.8346774193546,7.083458756E9,13477.0
32800.0,45.0,3228.0,3.486922E8,3.23910584E8,8.92556565E8,4.38487406E9,7.408288953021333,249.0,875399.0,3529.8346774193546,7.083458756E9,13477.0
32900.0,45.0,3228.0,4.10581592E8,3.23910584E8,8.92556565E8,4.42494606E9,7.415757000474608,250.0,883399.0,3547.7871485943774,7.110721732E9,13531.0
33000.0,45.0,3231.0,4.40212896E8,3.23917752E8,8.92556565E8,4.43746856E9,7.396230880743173,250.0,885899.0,3543.596,7.159630179E9,13607.0
33100.0,45.0,3231.0,4.49194688E8,3.23917752E8,8.92556565E8,4.43746856E9,7.404566641099769,251.0,885899.0,3543.596,7.186893155E9,13661.0
33200.0,45.0,3231.0,5.02731952E8,3.2391984E8,8.92556565E8,4.47754056E9,7.403272716589794,252.0,893899.0,3547.218253968254,7.235127651E9,13737.0
33300.0,45.0,3296.0,5.24894352E8,3.2391984E8,8.92556565E8,4.49757656E9,7.404805806772616,253.0,897899.0,3549.00790513834,7.262390627E9,13791.0
33400.0,46.0,3296.0,3.86822344E8,3.2391984E8,8.92556565E8,4.50759456E9,7.4091359897322215,254.0,899899.0,3542.9094488188975,7.310625123E9,13867.0
33500.0,46.0,3296.0,4.00625648E8,3.23921184E8,8.92556565E8,4.50759456E9,7.407623436087374,254.0,899899.0,3542.9094488188975,7.310625123E9,13867.0
33600.0,46.0,3296.0,4.32779504E8,3.23925376E8,8.92556565E8,4.54265756E9,7.414730598121602,255.0,906899.0,3556.4666666666667,7.33776997E9,13921.0
33700.0,46.0,3298.0,4.77024168E8,3.2393884E8,8.92556565E8,4.55518006E9,7.418354632124953,256.0,909399.0,3552.33984375,7.383987824E9,13997.0
33800.0,46.0,3298.0,5.31188208E8,3.2393884E8,8.92556565E8,4.55518006E9,7.427530996213982,257.0,909399.0,3552.33984375,7.4112508E9,14055.0
33900.0,46.0,3298.0,5.4603904E8,3.23943896E8,8.92556565E8,4.59274756E9,7.43665869195515,258.0,916899.0,3553.8720930232557,7.457388144E9,14131.0
34000.0,46.0,3298.0,5.6136232E8,3.23943896E8,8.92556565E8,4.59274756E9,7.44167337087691,259.0,916899.0,3553.8720930232557,7.48465112E9,14189.0
34100.0,46.0,3298.0,6.01932784E8,3.23943896E8,8.92556565E8,4.63031506E9,7.448362792563097,260.0,924399.0,3569.108108108108,7.48465112E9,14189.0
34200.0,46.0,3363.0,6.17441976E8,3.23943896E8,8.92556565E8,4.63782856E9,7.417339457393091,260.0,925899.0,3561.15,7.530788464E9,14265.0
34300.0,47.0,3363.0,4.34448208E8,3.23943896E8,8.92556565E8,4.63782856E9,7.438016528925619,261.0,925899.0,3561.15,7.55805144E9,14323.0
34400.0,47.0,3363.0,4.54945056E8,3.23946712E8,8.92556565E8,4.67038706E9,7.44191331023121,262.0,932399.0,3572.409961685824,7.603527487E9,14399.0
34500.0,47.0,3367.0,4.72817632E8,3.23946712E8,8.92556565E8,4.68290956E9,7.424409872764884,262.0,934899.0,3568.3167938931297,7.603527487E9,14399.0
34600.0,47.0,3367.0,4.81661136E8,3.23949816E8,8.92556565E8,4.70294556E9,7.430847907778374,263.0,938899.0,3569.958174904943,7.630295134E9,14458.0
34700.0,47.0,3367.0,5.4525916E8,3.23997432E8,8.92556565E8,4.71045906E9,7.433478811769675,264.0,940399.0,3562.117424242424,7.674335326E9,14534.0
34800.0,47.0,3367.0,5.66576056E8,3.23997432E8,8.92556565E8,4.71045906E9,7.445702565255261,265.0,940399.0,3562.117424242424,7.701598302E9,14594.0
34900.0,47.0,3367.0,6.3429524E8,3.23997432E8,8.92556565E8,4.75804456E9,7.444099291971008,266.0,949899.0,3571.0488721804513,7.745550541E9,14670.0
35000.0,47.0,3448.0,5.94187416E8,3.24013112E8,8.92556565E8,4.75804456E9,7.443753659148569,267.0,949899.0,3571.0488721804513,7.745550541E9,14670.0
35100.0,47.0,3448.0,6.46357416E8,3.24013112E8,8.92556565E8,4.75804456E9,7.439190883508401,267.0,949899.0,3571.0488721804513,7.771495932E9,14730.0
35200.0,48.0,3450.0,4.86739136E8,3.24029752E8,8.92556565E8,4.79561206E9,7.444030887172934,268.0,957399.0,3572.384328358209,7.814487548E9,14807.0
35300.0,48.0,3450.0,5.17376624E8,3.24042184E8,8.92556565E8,4.79561206E9,7.4546210336705,269.0,957399.0,3572.384328358209,7.814487548E9,14807.0
35400.0,48.0,3450.0,5.79102176E8,3.2404372E8,8.92556565E8,4.83067506E9,7.456915598762705,270.0,964399.0,3585.126394052045,7.840701948E9,14868.0
35500.0,48.0,3450.0,5.65193568E8,3.24024072E8,8.92556565E8,4.83818856E9,7.464742177170559,271.0,965899.0,3577.4037037037037,7.88150353E9,14945.0
35600.0,48.0,3450.0,5.81986688E8,3.24084616E8,8.92556565E8,4.86824256E9,7.47068032629295,272.0,971899.0,3586.343173431734,7.906370169E9,15006.0
35700.0,48.0,3450.0,6.79871824E8,3.24085832E8,8.92556565E8,4.88577406E9,7.4800668548099845,273.0,975399.0,3586.0257352941176,7.965523593E9,15146.0
35800.0,48.0,3513.0,6.43972304E8,3.24085832E8,8.92556565E8,4.90080106E9,7.483476265909216,274.0,978399.0,3570.799270072993,7.965523593E9,15146.0
35900.0,49.0,3513.0,4.60081424E8,3.24085832E8,8.92556565E8,4.91332356E9,7.518182561085234,276.0,980899.0,3566.9054545454546,8.015181976E9,15286.0
36000.0,49.0,3513.0,5.120948E8,3.24085832E8,8.92556565E8,4.93335956E9,7.527583020816349,277.0,984899.0,3568.4746376811595,8.057920338E9,15429.0
36100.0,49.0,3513.0,5.24599432E8,3.24087304E8,8.92556565E8,4.962567039E9,7.58745901417229,280.0,990730.0,3551.0035842293905,8.086031141E9,15586.0
36200.0,49.0,3513.0,5.36972664E8,3.24074952E8,8.92556565E8,4.983334353E9,7.672772464472901,284.0,994876.0,3515.462897526502,8.123352827E9,15946.0
36300.0,49.0,3513.0,5.41186792E8,3.24074952E8,8.92556565E8,5.009005478E9,7.818608287724785,290.0,1000001.0,3448.2793103448275,8.13904421E9,16520.0
